,user_id,lat,lon,timestamp,weather
0,156840212,58.0105,56.2502,2022-12-21 12:28:49.270074,"Weather(location='Perm', temperature=-16.05, temperature_feeling=-22.78, description='Scattered clouds', wind_speed=3, wind_direction='West', sunrise=datetime.datetime(2022, 12, 21, 9, 59, 27), sunset=datetime.datetime(2022, 12, 21, 16, 26, 24))"
1,156840212,58.0105,56.2502,2022-12-21 12:33:32.615902,"Weather(location='Perm', temperature=-16.05, temperature_feeling=-22.78, description='Scattered clouds', wind_speed=3, wind_direction='West', sunrise=datetime.datetime(2022, 12, 21, 9, 59, 27), sunset=datetime.datetime(2022, 12, 21, 16, 26, 24))"
2,156840212,58.0105,56.2502,2022-12-21 12:33:40.496560,"Weather(location='Perm', temperature=-16.05, temperature_feeling=-22.78, description='Scattered clouds', wind_speed=3, wind_direction='West', sunrise=datetime.datetime(2022, 12, 21, 9, 59, 27), sunset=datetime.datetime(2022, 12, 21, 16, 26, 24))"
3,156840212,58.0105,56.2502,2022-12-21 12:33:48.428619,"Weather(location='Perm', temperature=-16.05, temperature_feeling=-22.78, description='Scattered clouds', wind_speed=3, wind_direction='West', sunrise=datetime.datetime(2022, 12, 21, 9, 59, 27), sunset=datetime.datetime(2022, 12, 21, 16, 26, 24))"
4,156840212,58.0105,56.2502,2022-12-21 12:33:56.332865,"Weather(location='Perm', temperature=-16.05, temperature_feeling=-22.78, description='Scattered clouds', wind_speed=3, wind_direction='West', sunrise=datetime.datetime(2022, 12, 21, 9, 59, 27), sunset=datetime.datetime(2022, 12, 21, 16, 26, 24))"
5,156840212,58.0105,56.2502,2022-12-21 12:34:04.182990,"Weather(location='Perm', temperature=-16.05, temperature_feeling=-22.78, description='Scattered clouds', wind_speed=3, wind_direction='West', sunrise=datetime.datetime(2022, 12, 21, 9, 59, 27), sunset=datetime.datetime(2022, 12, 21, 16, 26, 24))"
6,156840212,58.0105,56.2502,2022-12-21 12:34:12.090109,"Weather(location='Perm', temperature=-16.05, temperature_feeling=-22.78, description='Scattered clouds', wind_speed=3, wind_direction='West', sunrise=datetime.datetime(2022, 12, 21, 9, 59, 27), sunset=datetime.datetime(2022, 12, 21, 16, 26, 24))"
7,156840212,58.0105,56.2502,2022-12-21 12:34:20.049255,"Weather(location='Perm', temperature=-16.05, temperature_feeling=-22.78, description='Scattered clouds', wind_speed=3, wind_direction='West', sunrise=datetime.datetime(2022, 12, 21, 9, 59, 27), sunset=datetime.datetime(2022, 12, 21, 16, 26, 24))"
8,156840212,58.0105,56.2502,2022-12-21 12:34:27.990021,"Weather(location='Perm', temperature=-16.05, temperature_feeling=-22.78, description='Scattered clouds', wind_speed=3, wind_direction='West', sunrise=datetime.datetime(2022, 12, 21, 9, 59, 27), sunset=datetime.datetime(2022, 12, 21, 16, 26, 24))"
9,156840212,58.0105,56.2502,2022-12-21 12:34:35.908905,"Weather(location='Perm', temperature=-16.05, temperature_feeling=-22.78, description='Scattered clouds', wind_speed=3, wind_direction='West', sunrise=datetime.datetime(2022, 12, 21, 9, 59, 27), sunset=datetime.datetime(2022, 12, 21, 16, 26, 24))"
10,156840212,58.0105,56.2502,2022-12-21 12:34:43.968453,"Weather(location='Perm', temperature=-16.05, temperature_feeling=-22.78, description='Scattered clouds', wind_speed=3, wind_direction='West', sunrise=datetime.datetime(2022, 12, 21, 9, 59, 27), sunset=datetime.datetime(2022, 12, 21, 16, 26, 24))"
11,156840212,58.0105,56.2502,2022-12-21 12:36:13.519847,"Weather(location='Perm', temperature=-16.17, temperature_feeling=-22.92, description='Scattered clouds', wind_speed=3, wind_direction='West', sunrise=datetime.datetime(2022, 12, 21, 9, 59, 24), sunset=datetime.datetime(2022, 12, 21, 16, 26, 25))"
12,156840212,58.0105,56.2502,2022-12-21 12:36:21.548122,"Weather(location='Perm', temperature=-16.17, temperature_feeling=-22.92, description='Scattered clouds', wind_speed=3, wind_direction='West', sunrise=datetime.datetime(2022, 12, 21, 9, 59, 24), sunset=datetime.datetime(2022, 12, 21, 16, 26, 25))"
13,156840212,58.0105,56.2502,2022-12-21 12:36:29.556156,"Weather(location='Perm', temperature=-16.17, temperature_feeling=-22.92, description='Scattered clouds', wind_speed=3, wind_direction='West', sunrise=datetime.datetime(2022, 12, 21, 9, 59, 24), sunset=datetime.datetime(2022, 12, 21, 16, 26, 25))"
14,1069543929,58.0105,56.2502,2022-12-21 12:36:30.035513,"Weather(location='Perm', temperature=-16.17, temperature_feeling=-22.92, description='Scattered clouds', wind_speed=3, wind_direction='West', sunrise=datetime.datetime(2022, 12, 21, 9, 59, 24), sunset=datetime.datetime(2022, 12, 21, 16, 26, 25))"
15,156840212,58.0105,56.2502,2022-12-21 12:36:38.151171,"Weather(location='Perm', temperature=-16.17, temperature_feeling=-22.92, description='Scattered clouds', wind_speed=3, wind_direction='West', sunrise=datetime.datetime(2022, 12, 21, 9, 59, 24), sunset=datetime.datetime(2022, 12, 21, 16, 26, 25))"
16,1069543929,58.0105,56.2502,2022-12-21 12:36:38.567026,"Weather(location='Perm', temperature=-16.17, temperature_feeling=-22.92, description='Scattered clouds', wind_speed=3, wind_direction='West', sunrise=datetime.datetime(2022, 12, 21, 9, 59, 24), sunset=datetime.datetime(2022, 12, 21, 16, 26, 25))"
17,156840212,58.0105,56.2502,2022-12-21 12:36:46.469986,"Weather(location='Perm', temperature=-16.17, temperature_feeling=-22.92, description='Scattered clouds', wind_speed=3, wind_direction='West', sunrise=datetime.datetime(2022, 12, 21, 9, 59, 24), sunset=datetime.datetime(2022, 12, 21, 16, 26, 25))"
18,1069543929,58.0105,56.2502,2022-12-21 12:36:46.980751,"Weather(location='Perm', temperature=-16.17, temperature_feeling=-22.92, description='Scattered clouds', wind_speed=3, wind_direction='West', sunrise=datetime.datetime(2022, 12, 21, 9, 59, 24), sunset=datetime.datetime(2022, 12, 21, 16, 26, 25))"
19,156840212,58.0105,56.2502,2022-12-21 12:36:54.945573,"Weather(location='Perm', temperature=-16.17, temperature_feeling=-22.92, description='Scattered clouds', wind_speed=3, wind_direction='West', sunrise=datetime.datetime(2022, 12, 21, 9, 59, 24), sunset=datetime.datetime(2022, 12, 21, 16, 26, 25))"
20,1069543929,58.0105,56.2502,2022-12-21 12:36:55.509513,"Weather(location='Perm', temperature=-16.17, temperature_feeling=-22.92, description='Scattered clouds', wind_speed=3, wind_direction='West', sunrise=datetime.datetime(2022, 12, 21, 9, 59, 24), sunset=datetime.datetime(2022, 12, 21, 16, 26, 25))"
21,156840212,58.0105,56.2502,2022-12-21 12:37:03.516408,"Weather(location='Perm', temperature=-16.17, temperature_feeling=-22.92, description='Scattered clouds', wind_speed=3, wind_direction='West', sunrise=datetime.datetime(2022, 12, 21, 9, 59, 24), sunset=datetime.datetime(2022, 12, 21, 16, 26, 25))"
22,1069543929,58.0105,56.2502,2022-12-21 12:37:04.030031,"Weather(location='Perm', temperature=-16.17, temperature_feeling=-22.92, description='Scattered clouds', wind_speed=3, wind_direction='West', sunrise=datetime.datetime(2022, 12, 21, 9, 59, 24), sunset=datetime.datetime(2022, 12, 21, 16, 26, 25))"
23,156840212,58.0105,56.2502,2022-12-21 12:37:12.009699,"Weather(location='Perm', temperature=-16.17, temperature_feeling=-22.92, description='Scattered clouds', wind_speed=3, wind_direction='West', sunrise=datetime.datetime(2022, 12, 21, 9, 59, 24), sunset=datetime.datetime(2022, 12, 21, 16, 26, 25))"
24,1069543929,58.0105,56.2502,2022-12-21 12:37:12.554369,"Weather(location='Perm', temperature=-16.17, temperature_feeling=-22.92, description='Scattered clouds', wind_speed=3, wind_direction='West', sunrise=datetime.datetime(2022, 12, 21, 9, 59, 24), sunset=datetime.datetime(2022, 12, 21, 16, 26, 25))"
25,156840212,58.0105,56.2502,2022-12-21 12:37:20.506315,"Weather(location='Perm', temperature=-16.17, temperature_feeling=-22.92, description='Scattered clouds', wind_speed=3, wind_direction='West', sunrise=datetime.datetime(2022, 12, 21, 9, 59, 24), sunset=datetime.datetime(2022, 12, 21, 16, 26, 25))"
26,1069543929,58.0105,56.2502,2022-12-21 12:37:21.072457,"Weather(location='Perm', temperature=-16.17, temperature_feeling=-22.92, description='Scattered clouds', wind_speed=3, wind_direction='West', sunrise=datetime.datetime(2022, 12, 21, 9, 59, 24), sunset=datetime.datetime(2022, 12, 21, 16, 26, 25))"
27,156840212,58.0105,56.2502,2022-12-21 12:37:29.165794,"Weather(location='Perm', temperature=-16.17, temperature_feeling=-22.92, description='Scattered clouds', wind_speed=3, wind_direction='West', sunrise=datetime.datetime(2022, 12, 21, 9, 59, 24), sunset=datetime.datetime(2022, 12, 21, 16, 26, 25))"
28,1069543929,58.0105,56.2502,2022-12-21 12:37:29.693334,"Weather(location='Perm', temperature=-16.17, temperature_feeling=-22.92, description='Scattered clouds', wind_speed=3, wind_direction='West', sunrise=datetime.datetime(2022, 12, 21, 9, 59, 24), sunset=datetime.datetime(2022, 12, 21, 16, 26, 25))"
29,156840212,58.0105,56.2502,2022-12-21 12:47:47.228015,"Weather(location='Perm', temperature=-15.17, temperature_feeling=-21.72, description='Few clouds', wind_speed=3, wind_direction='West', sunrise=datetime.datetime(2022, 12, 21, 9, 59, 24), sunset=datetime.datetime(2022, 12, 21, 16, 26, 25))"
30,1069543929,58.0105,56.2502,2022-12-21 12:47:47.731921,"Weather(location='Perm', temperature=-15.17, temperature_feeling=-21.72, description='Few clouds', wind_speed=3, wind_direction='West', sunrise=datetime.datetime(2022, 12, 21, 9, 59, 24), sunset=datetime.datetime(2022, 12, 21, 16, 26, 25))"
31,156840212,58.0105,56.2502,2022-12-21 12:47:58.775908,"Weather(location='Perm', temperature=-15.17, temperature_feeling=-21.72, description='Few clouds', wind_speed=3, wind_direction='West', sunrise=datetime.datetime(2022, 12, 21, 9, 59, 24), sunset=datetime.datetime(2022, 12, 21, 16, 26, 25))"
32,1069543929,58.0105,56.2502,2022-12-21 12:47:59.370088,"Weather(location='Perm', temperature=-15.17, temperature_feeling=-21.72, description='Few clouds', wind_speed=3, wind_direction='West', sunrise=datetime.datetime(2022, 12, 21, 9, 59, 24), sunset=datetime.datetime(2022, 12, 21, 16, 26, 25))"
33,156840212,58.0105,56.2502,2022-12-21 12:48:09.913690,"Weather(location='Perm', temperature=-15.17, temperature_feeling=-21.72, description='Few clouds', wind_speed=3, wind_direction='West', sunrise=datetime.datetime(2022, 12, 21, 9, 59, 24), sunset=datetime.datetime(2022, 12, 21, 16, 26, 25))"
34,1069543929,58.0105,56.2502,2022-12-21 12:48:10.442241,"Weather(location='Perm', temperature=-15.17, temperature_feeling=-21.72, description='Few clouds', wind_speed=3, wind_direction='West', sunrise=datetime.datetime(2022, 12, 21, 9, 59, 24), sunset=datetime.datetime(2022, 12, 21, 16, 26, 25))"
35,156840212,58.0105,56.2502,2022-12-21 12:48:20.954026,"Weather(location='Perm', temperature=-15.17, temperature_feeling=-21.72, description='Few clouds', wind_speed=3, wind_direction='West', sunrise=datetime.datetime(2022, 12, 21, 9, 59, 24), sunset=datetime.datetime(2022, 12, 21, 16, 26, 25))"
36,1069543929,58.0105,56.2502,2022-12-21 12:48:21.432410,"Weather(location='Perm', temperature=-15.17, temperature_feeling=-21.72, description='Few clouds', wind_speed=3, wind_direction='West', sunrise=datetime.datetime(2022, 12, 21, 9, 59, 24), sunset=datetime.datetime(2022, 12, 21, 16, 26, 25))"
37,156840212,58.0105,56.2502,2022-12-21 12:48:31.920620,"Weather(location='Perm', temperature=-15.17, temperature_feeling=-21.72, description='Few clouds', wind_speed=3, wind_direction='West', sunrise=datetime.datetime(2022, 12, 21, 9, 59, 24), sunset=datetime.datetime(2022, 12, 21, 16, 26, 25))"
38,1069543929,58.0105,56.2502,2022-12-21 12:48:32.435068,"Weather(location='Perm', temperature=-15.17, temperature_feeling=-21.72, description='Few clouds', wind_speed=3, wind_direction='West', sunrise=datetime.datetime(2022, 12, 21, 9, 59, 24), sunset=datetime.datetime(2022, 12, 21, 16, 26, 25))"
39,156840212,58.0105,56.2502,2022-12-21 12:49:30.016320,"Weather(location='Perm', temperature=-15.17, temperature_feeling=-21.72, description='Few clouds', wind_speed=3, wind_direction='West', sunrise=datetime.datetime(2022, 12, 21, 9, 59, 24), sunset=datetime.datetime(2022, 12, 21, 16, 26, 25))"
40,1069543929,58.0105,56.2502,2022-12-21 12:49:30.481104,"Weather(location='Perm', temperature=-15.17, temperature_feeling=-21.72, description='Few clouds', wind_speed=3, wind_direction='West', sunrise=datetime.datetime(2022, 12, 21, 9, 59, 24), sunset=datetime.datetime(2022, 12, 21, 16, 26, 25))"
41,156840212,58.0105,56.2502,2022-12-21 12:49:40.944097,"Weather(location='Perm', temperature=-15.17, temperature_feeling=-21.72, description='Few clouds', wind_speed=3, wind_direction='West', sunrise=datetime.datetime(2022, 12, 21, 9, 59, 24), sunset=datetime.datetime(2022, 12, 21, 16, 26, 25))"
42,1069543929,58.0105,56.2502,2022-12-21 12:49:41.411294,"Weather(location='Perm', temperature=-15.17, temperature_feeling=-21.72, description='Few clouds', wind_speed=3, wind_direction='West', sunrise=datetime.datetime(2022, 12, 21, 9, 59, 24), sunset=datetime.datetime(2022, 12, 21, 16, 26, 25))"
43,156840212,58.0105,56.2502,2022-12-21 12:51:20.672900,"Weather(location='Perm', temperature=-15.17, temperature_feeling=-21.72, description='Few clouds', wind_speed=3, wind_direction='West', sunrise=datetime.datetime(2022, 12, 21, 9, 59, 24), sunset=datetime.datetime(2022, 12, 21, 16, 26, 25))"
44,1069543929,58.0105,56.2502,2022-12-21 12:51:21.188140,"Weather(location='Perm', temperature=-15.17, temperature_feeling=-21.72, description='Few clouds', wind_speed=3, wind_direction='West', sunrise=datetime.datetime(2022, 12, 21, 9, 59, 24), sunset=datetime.datetime(2022, 12, 21, 16, 26, 25))"
45,156840212,58.0105,56.2502,2022-12-21 12:51:31.623823,"Weather(location='Perm', temperature=-15.17, temperature_feeling=-21.72, description='Few clouds', wind_speed=3, wind_direction='West', sunrise=datetime.datetime(2022, 12, 21, 9, 59, 24), sunset=datetime.datetime(2022, 12, 21, 16, 26, 25))"
46,1069543929,58.0105,56.2502,2022-12-21 12:51:32.138294,"Weather(location='Perm', temperature=-15.17, temperature_feeling=-21.72, description='Few clouds', wind_speed=3, wind_direction='West', sunrise=datetime.datetime(2022, 12, 21, 9, 59, 24), sunset=datetime.datetime(2022, 12, 21, 16, 26, 25))"
47,156840212,58.0105,56.2502,2022-12-21 12:53:25.375323,"Weather(location='Perm', temperature=-15.17, temperature_feeling=-21.72, description='Few clouds', wind_speed=3, wind_direction='West', sunrise=datetime.datetime(2022, 12, 21, 9, 59, 24), sunset=datetime.datetime(2022, 12, 21, 16, 26, 25))"
48,1069543929,58.0105,56.2502,2022-12-21 12:53:25.848993,"Weather(location='Perm', temperature=-15.17, temperature_feeling=-21.72, description='Few clouds', wind_speed=3, wind_direction='West', sunrise=datetime.datetime(2022, 12, 21, 9, 59, 24), sunset=datetime.datetime(2022, 12, 21, 16, 26, 25))"
49,156840212,58.0105,56.2502,2022-12-21 12:53:36.408962,"Weather(location='Perm', temperature=-15.17, temperature_feeling=-21.72, description='Few clouds', wind_speed=3, wind_direction='West', sunrise=datetime.datetime(2022, 12, 21, 9, 59, 24), sunset=datetime.datetime(2022, 12, 21, 16, 26, 25))"
50,1069543929,58.0105,56.2502,2022-12-21 12:53:36.942875,"Weather(location='Perm', temperature=-15.17, temperature_feeling=-21.72, description='Few clouds', wind_speed=3, wind_direction='West', sunrise=datetime.datetime(2022, 12, 21, 9, 59, 24), sunset=datetime.datetime(2022, 12, 21, 16, 26, 25))"
51,156840212,58.0105,56.2502,2022-12-21 13:15:37.831710,"Weather(location='Perm', temperature=-15.17, temperature_feeling=-21.72, description='Few clouds', wind_speed=3, wind_direction='West', sunrise=datetime.datetime(2022, 12, 21, 9, 59, 24), sunset=datetime.datetime(2022, 12, 21, 16, 26, 25))"
52,1069543929,58.0105,56.2502,2022-12-21 13:15:38.435259,"Weather(location='Perm', temperature=-15.17, temperature_feeling=-21.72, description='Few clouds', wind_speed=3, wind_direction='West', sunrise=datetime.datetime(2022, 12, 21, 9, 59, 24), sunset=datetime.datetime(2022, 12, 21, 16, 26, 25))"
53,156840212,58.0105,56.2502,2022-12-21 13:15:48.923613,"Weather(location='Perm', temperature=-15.17, temperature_feeling=-21.72, description='Few clouds', wind_speed=3, wind_direction='West', sunrise=datetime.datetime(2022, 12, 21, 9, 59, 24), sunset=datetime.datetime(2022, 12, 21, 16, 26, 25))"
54,1069543929,58.0105,56.2502,2022-12-21 13:15:49.435021,"Weather(location='Perm', temperature=-15.17, temperature_feeling=-21.72, description='Few clouds', wind_speed=3, wind_direction='West', sunrise=datetime.datetime(2022, 12, 21, 9, 59, 24), sunset=datetime.datetime(2022, 12, 21, 16, 26, 25))"
55,156840212,58.0105,56.2502,2022-12-21 13:15:59.930541,"Weather(location='Perm', temperature=-15.17, temperature_feeling=-21.72, description='Few clouds', wind_speed=3, wind_direction='West', sunrise=datetime.datetime(2022, 12, 21, 9, 59, 24), sunset=datetime.datetime(2022, 12, 21, 16, 26, 25))"
56,1069543929,58.0105,56.2502,2022-12-21 13:16:00.797287,"Weather(location='Perm', temperature=-15.17, temperature_feeling=-21.72, description='Few clouds', wind_speed=3, wind_direction='West', sunrise=datetime.datetime(2022, 12, 21, 9, 59, 24), sunset=datetime.datetime(2022, 12, 21, 16, 26, 25))"
57,156840212,58.0105,56.2502,2022-12-21 13:16:11.268200,"Weather(location='Perm', temperature=-15.17, temperature_feeling=-21.72, description='Few clouds', wind_speed=3, wind_direction='West', sunrise=datetime.datetime(2022, 12, 21, 9, 59, 24), sunset=datetime.datetime(2022, 12, 21, 16, 26, 25))"
58,1069543929,58.0105,56.2502,2022-12-21 13:16:11.783991,"Weather(location='Perm', temperature=-15.17, temperature_feeling=-21.72, description='Few clouds', wind_speed=3, wind_direction='West', sunrise=datetime.datetime(2022, 12, 21, 9, 59, 24), sunset=datetime.datetime(2022, 12, 21, 16, 26, 25))"
59,156840212,58.0105,56.2502,2022-12-21 13:16:22.279726,"Weather(location='Perm', temperature=-15.17, temperature_feeling=-21.72, description='Few clouds', wind_speed=3, wind_direction='West', sunrise=datetime.datetime(2022, 12, 21, 9, 59, 24), sunset=datetime.datetime(2022, 12, 21, 16, 26, 25))"
60,1069543929,58.0105,56.2502,2022-12-21 13:16:22.751851,"Weather(location='Perm', temperature=-15.17, temperature_feeling=-21.72, description='Few clouds', wind_speed=3, wind_direction='West', sunrise=datetime.datetime(2022, 12, 21, 9, 59, 24), sunset=datetime.datetime(2022, 12, 21, 16, 26, 25))"
61,156840212,58.0105,56.2502,2022-12-21 13:16:33.129008,"Weather(location='Perm', temperature=-15.17, temperature_feeling=-21.72, description='Few clouds', wind_speed=3, wind_direction='West', sunrise=datetime.datetime(2022, 12, 21, 9, 59, 24), sunset=datetime.datetime(2022, 12, 21, 16, 26, 25))"
62,1069543929,58.0105,56.2502,2022-12-21 13:16:33.676058,"Weather(location='Perm', temperature=-15.17, temperature_feeling=-21.72, description='Few clouds', wind_speed=3, wind_direction='West', sunrise=datetime.datetime(2022, 12, 21, 9, 59, 24), sunset=datetime.datetime(2022, 12, 21, 16, 26, 25))"
63,156840212,58.0105,56.2502,2022-12-21 13:16:44.163236,"Weather(location='Perm', temperature=-15.17, temperature_feeling=-21.72, description='Few clouds', wind_speed=3, wind_direction='West', sunrise=datetime.datetime(2022, 12, 21, 9, 59, 24), sunset=datetime.datetime(2022, 12, 21, 16, 26, 25))"
64,1069543929,58.0105,56.2502,2022-12-21 13:16:44.676358,"Weather(location='Perm', temperature=-15.17, temperature_feeling=-21.72, description='Few clouds', wind_speed=3, wind_direction='West', sunrise=datetime.datetime(2022, 12, 21, 9, 59, 24), sunset=datetime.datetime(2022, 12, 21, 16, 26, 25))"
65,156840212,58.0105,56.2502,2022-12-21 13:16:55.498485,"Weather(location='Perm', temperature=-15.17, temperature_feeling=-21.72, description='Few clouds', wind_speed=3, wind_direction='West', sunrise=datetime.datetime(2022, 12, 21, 9, 59, 24), sunset=datetime.datetime(2022, 12, 21, 16, 26, 25))"
66,1069543929,58.0105,56.2502,2022-12-21 13:16:55.993248,"Weather(location='Perm', temperature=-15.17, temperature_feeling=-21.72, description='Few clouds', wind_speed=3, wind_direction='West', sunrise=datetime.datetime(2022, 12, 21, 9, 59, 24), sunset=datetime.datetime(2022, 12, 21, 16, 26, 25))"
67,156840212,58.0105,56.2502,2022-12-21 13:17:06.513779,"Weather(location='Perm', temperature=-15.17, temperature_feeling=-21.72, description='Few clouds', wind_speed=3, wind_direction='West', sunrise=datetime.datetime(2022, 12, 21, 9, 59, 24), sunset=datetime.datetime(2022, 12, 21, 16, 26, 25))"
68,1069543929,58.0105,56.2502,2022-12-21 13:17:07.028477,"Weather(location='Perm', temperature=-15.17, temperature_feeling=-21.72, description='Few clouds', wind_speed=3, wind_direction='West', sunrise=datetime.datetime(2022, 12, 21, 9, 59, 24), sunset=datetime.datetime(2022, 12, 21, 16, 26, 25))"
69,156840212,58.0105,56.2502,2022-12-21 13:17:17.500895,"Weather(location='Perm', temperature=-15.17, temperature_feeling=-21.72, description='Few clouds', wind_speed=3, wind_direction='West', sunrise=datetime.datetime(2022, 12, 21, 9, 59, 24), sunset=datetime.datetime(2022, 12, 21, 16, 26, 25))"
70,1069543929,58.0105,56.2502,2022-12-21 13:17:18.014666,"Weather(location='Perm', temperature=-15.17, temperature_feeling=-21.72, description='Few clouds', wind_speed=3, wind_direction='West', sunrise=datetime.datetime(2022, 12, 21, 9, 59, 24), sunset=datetime.datetime(2022, 12, 21, 16, 26, 25))"
71,156840212,58.0105,56.2502,2022-12-21 13:17:28.475585,"Weather(location='Perm', temperature=-15.17, temperature_feeling=-21.72, description='Few clouds', wind_speed=3, wind_direction='West', sunrise=datetime.datetime(2022, 12, 21, 9, 59, 24), sunset=datetime.datetime(2022, 12, 21, 16, 26, 25))"
72,1069543929,58.0105,56.2502,2022-12-21 13:17:28.950358,"Weather(location='Perm', temperature=-15.17, temperature_feeling=-21.72, description='Few clouds', wind_speed=3, wind_direction='West', sunrise=datetime.datetime(2022, 12, 21, 9, 59, 24), sunset=datetime.datetime(2022, 12, 21, 16, 26, 25))"
73,156840212,58.0105,56.2502,2022-12-21 13:17:39.401922,"Weather(location='Perm', temperature=-15.17, temperature_feeling=-21.72, description='Few clouds', wind_speed=3, wind_direction='West', sunrise=datetime.datetime(2022, 12, 21, 9, 59, 24), sunset=datetime.datetime(2022, 12, 21, 16, 26, 25))"
74,1069543929,58.0105,56.2502,2022-12-21 13:17:39.934176,"Weather(location='Perm', temperature=-15.17, temperature_feeling=-21.72, description='Few clouds', wind_speed=3, wind_direction='West', sunrise=datetime.datetime(2022, 12, 21, 9, 59, 24), sunset=datetime.datetime(2022, 12, 21, 16, 26, 25))"
75,156840212,58.0105,56.2502,2022-12-21 13:17:50.392532,"Weather(location='Perm', temperature=-15.17, temperature_feeling=-21.72, description='Few clouds', wind_speed=3, wind_direction='West', sunrise=datetime.datetime(2022, 12, 21, 9, 59, 24), sunset=datetime.datetime(2022, 12, 21, 16, 26, 25))"
76,1069543929,58.0105,56.2502,2022-12-21 13:17:50.918090,"Weather(location='Perm', temperature=-15.17, temperature_feeling=-21.72, description='Few clouds', wind_speed=3, wind_direction='West', sunrise=datetime.datetime(2022, 12, 21, 9, 59, 24), sunset=datetime.datetime(2022, 12, 21, 16, 26, 25))"
77,156840212,58.0105,56.2502,2022-12-21 13:18:01.468444,"Weather(location='Perm', temperature=-15.17, temperature_feeling=-21.72, description='Few clouds', wind_speed=3, wind_direction='West', sunrise=datetime.datetime(2022, 12, 21, 9, 59, 24), sunset=datetime.datetime(2022, 12, 21, 16, 26, 25))"
78,1069543929,58.0105,56.2502,2022-12-21 13:18:01.967007,"Weather(location='Perm', temperature=-15.17, temperature_feeling=-21.72, description='Few clouds', wind_speed=3, wind_direction='West', sunrise=datetime.datetime(2022, 12, 21, 9, 59, 24), sunset=datetime.datetime(2022, 12, 21, 16, 26, 25))"
79,156840212,58.0105,56.2502,2022-12-21 13:18:12.483457,"Weather(location='Perm', temperature=-15.17, temperature_feeling=-21.72, description='Few clouds', wind_speed=3, wind_direction='West', sunrise=datetime.datetime(2022, 12, 21, 9, 59, 24), sunset=datetime.datetime(2022, 12, 21, 16, 26, 25))"
80,1069543929,58.0105,56.2502,2022-12-21 13:18:13.065679,"Weather(location='Perm', temperature=-15.17, temperature_feeling=-21.72, description='Few clouds', wind_speed=3, wind_direction='West', sunrise=datetime.datetime(2022, 12, 21, 9, 59, 24), sunset=datetime.datetime(2022, 12, 21, 16, 26, 25))"
81,156840212,58.0105,56.2502,2022-12-21 13:18:23.564378,"Weather(location='Perm', temperature=-15.17, temperature_feeling=-21.72, description='Few clouds', wind_speed=3, wind_direction='West', sunrise=datetime.datetime(2022, 12, 21, 9, 59, 24), sunset=datetime.datetime(2022, 12, 21, 16, 26, 25))"
82,1069543929,58.0105,56.2502,2022-12-21 13:18:24.018010,"Weather(location='Perm', temperature=-15.17, temperature_feeling=-21.72, description='Few clouds', wind_speed=3, wind_direction='West', sunrise=datetime.datetime(2022, 12, 21, 9, 59, 24), sunset=datetime.datetime(2022, 12, 21, 16, 26, 25))"
83,156840212,58.0105,56.2502,2022-12-21 13:18:34.499738,"Weather(location='Perm', temperature=-15.17, temperature_feeling=-21.72, description='Few clouds', wind_speed=3, wind_direction='West', sunrise=datetime.datetime(2022, 12, 21, 9, 59, 24), sunset=datetime.datetime(2022, 12, 21, 16, 26, 25))"
84,1069543929,58.0105,56.2502,2022-12-21 13:18:34.883487,"Weather(location='Perm', temperature=-15.17, temperature_feeling=-21.72, description='Few clouds', wind_speed=3, wind_direction='West', sunrise=datetime.datetime(2022, 12, 21, 9, 59, 24), sunset=datetime.datetime(2022, 12, 21, 16, 26, 25))"
85,156840212,58.0105,56.2502,2022-12-21 13:18:45.256853,"Weather(location='Perm', temperature=-15.17, temperature_feeling=-21.72, description='Few clouds', wind_speed=3, wind_direction='West', sunrise=datetime.datetime(2022, 12, 21, 9, 59, 24), sunset=datetime.datetime(2022, 12, 21, 16, 26, 25))"
86,1069543929,58.0105,56.2502,2022-12-21 13:18:45.817029,"Weather(location='Perm', temperature=-15.17, temperature_feeling=-21.72, description='Few clouds', wind_speed=3, wind_direction='West', sunrise=datetime.datetime(2022, 12, 21, 9, 59, 24), sunset=datetime.datetime(2022, 12, 21, 16, 26, 25))"
87,156840212,58.0105,56.2502,2022-12-21 13:18:56.416762,"Weather(location='Perm', temperature=-15.17, temperature_feeling=-21.72, description='Few clouds', wind_speed=3, wind_direction='West', sunrise=datetime.datetime(2022, 12, 21, 9, 59, 24), sunset=datetime.datetime(2022, 12, 21, 16, 26, 25))"
88,1069543929,58.0105,56.2502,2022-12-21 13:18:56.914309,"Weather(location='Perm', temperature=-15.17, temperature_feeling=-21.72, description='Few clouds', wind_speed=3, wind_direction='West', sunrise=datetime.datetime(2022, 12, 21, 9, 59, 24), sunset=datetime.datetime(2022, 12, 21, 16, 26, 25))"
89,156840212,58.0105,56.2502,2022-12-21 13:19:07.397176,"Weather(location='Perm', temperature=-15.17, temperature_feeling=-21.72, description='Few clouds', wind_speed=3, wind_direction='West', sunrise=datetime.datetime(2022, 12, 21, 9, 59, 24), sunset=datetime.datetime(2022, 12, 21, 16, 26, 25))"
90,1069543929,58.0105,56.2502,2022-12-21 13:19:07.940282,"Weather(location='Perm', temperature=-15.17, temperature_feeling=-21.72, description='Few clouds', wind_speed=3, wind_direction='West', sunrise=datetime.datetime(2022, 12, 21, 9, 59, 24), sunset=datetime.datetime(2022, 12, 21, 16, 26, 25))"
91,256840212,58.0105,56.2502,2022-12-21 13:19:08.462533,"Weather(location='Perm', temperature=-15.17, temperature_feeling=-21.72, description='Few clouds', wind_speed=3, wind_direction='West', sunrise=datetime.datetime(2022, 12, 21, 9, 59, 24), sunset=datetime.datetime(2022, 12, 21, 16, 26, 25))"
92,156840212,58.0105,56.2502,2022-12-21 13:19:19.599188,"Weather(location='Perm', temperature=-15.17, temperature_feeling=-21.72, description='Few clouds', wind_speed=3, wind_direction='West', sunrise=datetime.datetime(2022, 12, 21, 9, 59, 24), sunset=datetime.datetime(2022, 12, 21, 16, 26, 25))"
93,1069543929,58.0105,56.2502,2022-12-21 13:19:20.129457,"Weather(location='Perm', temperature=-15.17, temperature_feeling=-21.72, description='Few clouds', wind_speed=3, wind_direction='West', sunrise=datetime.datetime(2022, 12, 21, 9, 59, 24), sunset=datetime.datetime(2022, 12, 21, 16, 26, 25))"
94,256840212,58.0105,56.2502,2022-12-21 13:19:21.736579,"Weather(location='Perm', temperature=-15.17, temperature_feeling=-21.72, description='Few clouds', wind_speed=3, wind_direction='West', sunrise=datetime.datetime(2022, 12, 21, 9, 59, 24), sunset=datetime.datetime(2022, 12, 21, 16, 26, 25))"
95,156840212,58.0105,56.2502,2022-12-21 13:19:32.223080,"Weather(location='Perm', temperature=-15.17, temperature_feeling=-21.72, description='Few clouds', wind_speed=3, wind_direction='West', sunrise=datetime.datetime(2022, 12, 21, 9, 59, 24), sunset=datetime.datetime(2022, 12, 21, 16, 26, 25))"
96,1069543929,58.0105,56.2502,2022-12-21 13:19:32.646439,"Weather(location='Perm', temperature=-15.17, temperature_feeling=-21.72, description='Few clouds', wind_speed=3, wind_direction='West', sunrise=datetime.datetime(2022, 12, 21, 9, 59, 24), sunset=datetime.datetime(2022, 12, 21, 16, 26, 25))"
97,256840212,58.0105,56.2502,2022-12-21 13:19:33.191140,"Weather(location='Perm', temperature=-15.17, temperature_feeling=-21.72, description='Few clouds', wind_speed=3, wind_direction='West', sunrise=datetime.datetime(2022, 12, 21, 9, 59, 24), sunset=datetime.datetime(2022, 12, 21, 16, 26, 25))"
98,156840212,58.0105,56.2502,2022-12-21 13:19:43.715312,"Weather(location='Perm', temperature=-15.17, temperature_feeling=-21.72, description='Few clouds', wind_speed=3, wind_direction='West', sunrise=datetime.datetime(2022, 12, 21, 9, 59, 24), sunset=datetime.datetime(2022, 12, 21, 16, 26, 25))"
99,1069543929,58.0105,56.2502,2022-12-21 13:19:44.265338,"Weather(location='Perm', temperature=-15.17, temperature_feeling=-21.72, description='Few clouds', wind_speed=3, wind_direction='West', sunrise=datetime.datetime(2022, 12, 21, 9, 59, 24), sunset=datetime.datetime(2022, 12, 21, 16, 26, 25))"
100,256840212,58.0105,56.2502,2022-12-21 13:19:44.773940,"Weather(location='Perm', temperature=-15.17, temperature_feeling=-21.72, description='Few clouds', wind_speed=3, wind_direction='West', sunrise=datetime.datetime(2022, 12, 21, 9, 59, 24), sunset=datetime.datetime(2022, 12, 21, 16, 26, 25))"
101,156840212,58.0105,56.2502,2022-12-21 13:19:55.226644,"Weather(location='Perm', temperature=-15.17, temperature_feeling=-21.72, description='Few clouds', wind_speed=3, wind_direction='West', sunrise=datetime.datetime(2022, 12, 21, 9, 59, 24), sunset=datetime.datetime(2022, 12, 21, 16, 26, 25))"
102,1069543929,58.0105,56.2502,2022-12-21 13:19:55.682958,"Weather(location='Perm', temperature=-15.17, temperature_feeling=-21.72, description='Few clouds', wind_speed=3, wind_direction='West', sunrise=datetime.datetime(2022, 12, 21, 9, 59, 24), sunset=datetime.datetime(2022, 12, 21, 16, 26, 25))"
103,256840212,58.0105,56.2502,2022-12-21 13:19:56.423294,"Weather(location='Perm', temperature=-15.17, temperature_feeling=-21.72, description='Few clouds', wind_speed=3, wind_direction='West', sunrise=datetime.datetime(2022, 12, 21, 9, 59, 24), sunset=datetime.datetime(2022, 12, 21, 16, 26, 25))"
104,156840212,58.0105,56.2502,2022-12-21 13:20:06.857983,"Weather(location='Perm', temperature=-15.17, temperature_feeling=-21.72, description='Few clouds', wind_speed=3, wind_direction='West', sunrise=datetime.datetime(2022, 12, 21, 9, 59, 24), sunset=datetime.datetime(2022, 12, 21, 16, 26, 25))"
105,1069543929,58.0105,56.2502,2022-12-21 13:20:07.366358,"Weather(location='Perm', temperature=-15.17, temperature_feeling=-21.72, description='Few clouds', wind_speed=3, wind_direction='West', sunrise=datetime.datetime(2022, 12, 21, 9, 59, 24), sunset=datetime.datetime(2022, 12, 21, 16, 26, 25))"
106,256840212,58.0105,56.2502,2022-12-21 13:20:07.860878,"Weather(location='Perm', temperature=-15.17, temperature_feeling=-21.72, description='Few clouds', wind_speed=3, wind_direction='West', sunrise=datetime.datetime(2022, 12, 21, 9, 59, 24), sunset=datetime.datetime(2022, 12, 21, 16, 26, 25))"
107,156840212,58.0105,56.2502,2022-12-21 13:20:18.333009,"Weather(location='Perm', temperature=-15.17, temperature_feeling=-21.72, description='Few clouds', wind_speed=3, wind_direction='West', sunrise=datetime.datetime(2022, 12, 21, 9, 59, 24), sunset=datetime.datetime(2022, 12, 21, 16, 26, 25))"
108,1069543929,58.0105,56.2502,2022-12-21 13:20:18.812392,"Weather(location='Perm', temperature=-15.17, temperature_feeling=-21.72, description='Few clouds', wind_speed=3, wind_direction='West', sunrise=datetime.datetime(2022, 12, 21, 9, 59, 24), sunset=datetime.datetime(2022, 12, 21, 16, 26, 25))"
109,256840212,58.0105,56.2502,2022-12-21 13:20:19.380378,"Weather(location='Perm', temperature=-15.17, temperature_feeling=-21.72, description='Few clouds', wind_speed=3, wind_direction='West', sunrise=datetime.datetime(2022, 12, 21, 9, 59, 24), sunset=datetime.datetime(2022, 12, 21, 16, 26, 25))"
110,156840212,58.0105,56.2502,2022-12-21 13:20:29.876717,"Weather(location='Perm', temperature=-15.17, temperature_feeling=-21.72, description='Few clouds', wind_speed=3, wind_direction='West', sunrise=datetime.datetime(2022, 12, 21, 9, 59, 24), sunset=datetime.datetime(2022, 12, 21, 16, 26, 25))"
111,1069543929,58.0105,56.2502,2022-12-21 13:20:30.376652,"Weather(location='Perm', temperature=-15.17, temperature_feeling=-21.72, description='Few clouds', wind_speed=3, wind_direction='West', sunrise=datetime.datetime(2022, 12, 21, 9, 59, 24), sunset=datetime.datetime(2022, 12, 21, 16, 26, 25))"
112,256840212,58.0105,56.2502,2022-12-21 13:20:30.814331,"Weather(location='Perm', temperature=-15.17, temperature_feeling=-21.72, description='Few clouds', wind_speed=3, wind_direction='West', sunrise=datetime.datetime(2022, 12, 21, 9, 59, 24), sunset=datetime.datetime(2022, 12, 21, 16, 26, 25))"
